Title,Title Link,Score,Num Comments,Subreddit
Our school lunch lady made this Christmas display by hand ‚ù§,https://www.reddit.com/r/pics/comments/e5jy9g/our_school_lunch_lady_made_this_christmas_display/,185000,2200,r/pics
*barks in evil*,https://www.reddit.com/r/memes/comments/e5h181/barks_in_evil/,108000,1200,r/memes
Mom: Oh you woke up early today!,https://www.reddit.com/r/memes/comments/e5ec28/mom_oh_you_woke_up_early_today/,103000,491,r/memes
"The brother of a girl I have been dating for 8 months, is very much on the spectrum. He's never spoken to me much, unless I spent 3 hours doing jigsaws. After a Christmas jigsaw, I asked him to help me decorate the Christmas tree I bought. I'm the one with beard. Goals. Merry Christmas x",https://www.reddit.com/r/pics/comments/e58x2b/the_brother_of_a_girl_i_have_been_dating_for_8/,102000,1700,r/pics
"TIL that Sir Christopher Lee(who played Saruman in ""The Lord of the Rings"") read the trilogy every year from the year it was published to his death in 2015. He was also the only member of the cast and crew ever to have met J.R.R Tolkien himself.",https://www.reddit.com/r/todayilearned/comments/e5pkpr/til_that_sir_christopher_leewho_played_saruman_in/,93400,1700,r/todayilearned
2meirl4meirl,https://www.reddit.com/r/2meirl4meirl/comments/e5md5b/2meirl4meirl/,92600,1300,r/2meirl4meirl
Ouch that must've hurr,https://www.reddit.com/r/rareinsults/comments/e5iw8u/ouch_that_mustve_hurr/,96700,1200,r/rareinsults
"In my local mall, I thought it was so beautiful",https://www.reddit.com/r/nextfuckinglevel/comments/e5d0ll/in_my_local_mall_i_thought_it_was_so_beautiful/,84100,1100,r/nextfuckinglevel
DC deserves a murder for mishandling Superman this badly,https://www.reddit.com/r/MurderedByWords/comments/e588md/dc_deserves_a_murder_for_mishandling_superman/,80000,2200,r/MurderedByWords
Prison pie,https://www.reddit.com/r/Unexpected/comments/e5a0ly/prison_pie/,79400,272,r/Unexpected
The way this kid puts on his jacket,https://www.reddit.com/r/oddlysatisfying/comments/e5fz3l/the_way_this_kid_puts_on_his_jacket/,79400,1000,r/oddlysatisfying
he left,https://www.reddit.com/r/funny/comments/e5mlew/he_left/,76700,368,r/funny
You‚Äôre still coming to work right?,https://www.reddit.com/r/WhitePeopleTwitter/comments/e5hc9r/youre_still_coming_to_work_right/,76100,1000,r/WhitePeopleTwitter
Just me?,https://www.reddit.com/r/dankmemes/comments/e5nakk/just_me/,75100,379,r/dankmemes
Eat healthy my dudes,https://www.reddit.com/r/wholesomememes/comments/e5n45s/eat_healthy_my_dudes/,74800,867,r/wholesomememes
Peace was never an option,https://www.reddit.com/r/dankmemes/comments/e5ht64/peace_was_never_an_option/,74600,593,r/dankmemes
This baby snake would only eat live rats...so the owner improvised.,https://www.reddit.com/r/interestingasfuck/comments/e5kncs/this_baby_snake_would_only_eat_live_ratsso_the/,73100,1900,r/interestingasfuck
Triggering boss fights 101,https://www.reddit.com/r/gaming/comments/e5ipm0/triggering_boss_fights_101/,70700,668,r/gaming
He saw the cat do it ONE time and this happens,https://www.reddit.com/r/funny/comments/e5lavv/he_saw_the_cat_do_it_one_time_and_this_happens/,69400,737,r/funny
I sacrificed a deck of UNO to make this,https://www.reddit.com/r/teenagers/comments/e5lbhu/i_sacrificed_a_deck_of_uno_to_make_this/,70200,739,r/teenagers
PlayStation got released exactly 25 years ago today. (3 December 1994),https://www.reddit.com/r/gaming/comments/e5hz1o/playstation_got_released_exactly_25_years_ago/,68100,1900,r/gaming
We‚Äôll keep ye plump as a partridge,https://www.reddit.com/r/BrandNewSentence/comments/e5g3j8/well_keep_ye_plump_as_a_partridge/,72500,1600,r/BrandNewSentence
This photo of a girl waiting for a train is very Studio Ghibli-esque:D,https://www.reddit.com/r/oddlysatisfying/comments/e5aulp/this_photo_of_a_girl_waiting_for_a_train_is_very/,66900,519,r/oddlysatisfying
Millennium Falcon cake,https://www.reddit.com/r/nextfuckinglevel/comments/e5nkxs/millennium_falcon_cake/,65600,565,r/nextfuckinglevel
We At Least Gotta Try,https://www.reddit.com/r/PewdiepieSubmissions/comments/e5f2av/we_at_least_gotta_try/,64900,371,r/PewdiepieSubmissions
"In ""Narai of a Thousand Houses"", the half-way point between Kyoto and Edo.",https://www.reddit.com/r/pics/comments/e5g1de/in_narai_of_a_thousand_houses_the_halfway_point/,64400,848,r/pics
TIL Kim Jong Il once kidnapped the biggest South Korean director and movie star (who were also ex-husband and wife) and brought them to North Korea to make movies for him. They escaped by convincing him to let them go abroad to promote the North Korean film industry.,https://www.reddit.com/r/todayilearned/comments/e5h68x/til_kim_jong_il_once_kidnapped_the_biggest_south/,63800,847,r/todayilearned
Just spent 15 min telling my mom this isn‚Äôt a juul pod,https://www.reddit.com/r/teenagers/comments/e59225/just_spent_15_min_telling_my_mom_this_isnt_a_juul/,63200,894,r/teenagers
Don't touch.,https://www.reddit.com/r/gifs/comments/e5dwuf/dont_touch/,60500,780,r/gifs
am i disabled?,https://www.reddit.com/r/memes/comments/e5f0oi/am_i_disabled/,59900,213,r/memes
TIFU by using a nose hair trimmer to manscape my nether regions (and subsequently revealing mankind's most horrible secret on Reddit),https://www.reddit.com/r/tifu/comments/e59pb8/tifu_by_using_a_nose_hair_trimmer_to_manscape_my/,60100,2300,r/tifu
"Gentlemen, we have it",https://www.reddit.com/r/dankmemes/comments/e58uu6/gentlemen_we_have_it/,58500,383,r/dankmemes
I just got a perfect run on papers please only 1 citation ( which is part of the game)all family members alive and a class five apartment,https://www.reddit.com/r/gaming/comments/e5co5z/i_just_got_a_perfect_run_on_papers_please_only_1/,57600,921,r/gaming
"Thanks, I hate ketchup",https://www.reddit.com/r/TIHI/comments/e5n3ck/thanks_i_hate_ketchup/,59200,430,r/TIHI
Hmmmm...,https://www.reddit.com/r/dankmemes/comments/e5k0bz/hmmmm/,57000,136,r/dankmemes
Shoutout to my high school math teacher who clearly loved her job!,https://www.reddit.com/r/wholesomememes/comments/e59iy5/shoutout_to_my_high_school_math_teacher_who/,56900,223,r/wholesomememes
Finally got a chance to play Super Smash Bros Ultimate... Thanks to this Uber driver,https://www.reddit.com/r/NintendoSwitch/comments/e5pv45/finally_got_a_chance_to_play_super_smash_bros/,56600,1400,r/NintendoSwitch
Tiny and huge versions of some items,https://www.reddit.com/r/Minecraft/comments/e5lsrc/tiny_and_huge_versions_of_some_items/,56600,518,r/Minecraft
5th proof to don't mess up with Poland.,https://www.reddit.com/r/HistoryMemes/comments/e5g6ez/5th_proof_to_dont_mess_up_with_poland/,55800,571,r/HistoryMemes
I made a chore wheel,https://www.reddit.com/r/woodworking/comments/e5km4k/i_made_a_chore_wheel/,57500,735,r/woodworking
"Oh boy, here I come!",https://www.reddit.com/r/aww/comments/e5m25i/oh_boy_here_i_come/,55300,226,r/aww
Blursed_pimp,https://www.reddit.com/r/blursedimages/comments/e5d9yr/blursed_pimp/,54300,265,r/blursedimages
Amazon's guide to conquer the world,https://www.reddit.com/r/coolguides/comments/e5n8y2/amazons_guide_to_conquer_the_world/,55100,2400,r/coolguides
She'll never find it,https://www.reddit.com/r/dankmemes/comments/e5buv5/shell_never_find_it/,53800,168,r/dankmemes
"UK's six richest people control as much wealth as poorest 13m ‚Äì study - ‚ÄòExtreme inequality is the story of Ferraris and food banks,‚Äô says the Equality Trust",https://www.reddit.com/r/worldnews/comments/e5fgw9/uks_six_richest_people_control_as_much_wealth_as/,53300,5400,r/worldnews
Giant quartz extraction,https://www.reddit.com/r/BeAmazed/comments/e5fjsi/giant_quartz_extraction/,53100,892,r/BeAmazed
To prove that Patton Oswalt is a Failed Comedian,https://www.reddit.com/r/therewasanattempt/comments/e5he8l/to_prove_that_patton_oswalt_is_a_failed_comedian/,53000,919,r/therewasanattempt
"""Normal"" redditors that dated a celebrity, what was it like?",https://www.reddit.com/r/AskReddit/comments/e5oeth/normal_redditors_that_dated_a_celebrity_what_was/,52300,15000,r/AskReddit
Every article of leather clothing is ‚Äúpreviously worn‚Äù,https://www.reddit.com/r/Showerthoughts/comments/e5olk1/every_article_of_leather_clothing_is_previously/,52100,461,r/Showerthoughts
Gatekeeping I can get behind. Broken English is not an indication of stupidity.,https://www.reddit.com/r/gatekeeping/comments/e5n9ft/gatekeeping_i_can_get_behind_broken_english_is/,53100,1500,r/gatekeeping
That one goth friend...,https://www.reddit.com/r/aww/comments/e5jmvk/that_one_goth_friend/,51500,377,r/aww
"Ok then, keep your secret",https://www.reddit.com/r/BikiniBottomTwitter/comments/e5dl3y/ok_then_keep_your_secret/,51000,106,r/BikiniBottomTwitter
Rumor kamikaze,https://www.reddit.com/r/KamikazeByWords/comments/e5gcrb/rumor_kamikaze/,53100,316,r/KamikazeByWords
Kids growing up playing with wireless controllers will never understand the brutal satisfaction of unplugging an opponent's controller mid-game.,https://www.reddit.com/r/Showerthoughts/comments/e5k8lr/kids_growing_up_playing_with_wireless_controllers/,49900,1100,r/Showerthoughts
Hey gamers so today was the 2 year anniversary of me getting out rehab after being paralyzed for 2 months and learning how to walk again. I know he probably won‚Äôt see this but I can‚Äôt thank him enough for helping me through the hard times. So here is a pic of me watching pewds in the hospital.,https://www.reddit.com/r/PewdiepieSubmissions/comments/e5bff5/hey_gamers_so_today_was_the_2_year_anniversary_of/,49600,604,r/PewdiepieSubmissions
This Sheriff I saw has pink handcuffs,https://www.reddit.com/r/mildlyinteresting/comments/e5kqup/this_sheriff_i_saw_has_pink_handcuffs/,49600,2600,r/mildlyinteresting
Be Unemployed? Yes. Get an interview? Yes. Get hit and run by as speeding bike on the way to said interview? Yes.,https://www.reddit.com/r/Wellthatsucks/comments/e5gppt/be_unemployed_yes_get_an_interview_yes_get_hit/,48200,581,r/Wellthatsucks
"2-D rotation periods of the planets shown to relative scale, eg. Jupiter rotates around 2.4 times faster than Earth [OC]",https://www.reddit.com/r/dataisbeautiful/comments/e5borw/2d_rotation_periods_of_the_planets_shown_to/,48000,844,r/dataisbeautiful
I still do that,https://www.reddit.com/r/WhitePeopleTwitter/comments/e5plzy/i_still_do_that/,47900,461,r/WhitePeopleTwitter
Peekaboo! He found me,https://www.reddit.com/r/wholesomememes/comments/e5i3yd/peekaboo_he_found_me/,46900,275,r/wholesomememes
"I was DISGUSTED by the PATHETIC, NON-TACTICAL players in the SEASON 1 TRAILER, running around like SKILL-LESS IDIOTS, so I made a more ACCURATE, more TACTICAL season 1 trailer, for the CULTURED STRATEGIST such as MYSELF",https://www.reddit.com/r/modernwarfare/comments/e5kibt/i_was_disgusted_by_the_pathetic_nontactical/,47300,1300,r/modernwarfare
Michael Bloomberg Thinks That Xi Jinping Is Not a Dictator,https://www.reddit.com/r/HongKong/comments/e5l76m/michael_bloomberg_thinks_that_xi_jinping_is_not_a/,46600,2500,r/HongKong
"LPT: Teach yourself to not touch your face throughout the day - you‚Äôll get sick less, as hand to face/mouth contact is one of the most common routes for microbial transmission.",https://www.reddit.com/r/LifeProTips/comments/e5iz4j/lpt_teach_yourself_to_not_touch_your_face/,46400,1700,r/LifeProTips
"When my best friend died from leukemia in the 5th grade, I was too young to do anything to help. Yesterday, I donated stem cells to a stranger fighting the same disease.",https://www.reddit.com/r/HumansBeingBros/comments/e5ljoc/when_my_best_friend_died_from_leukemia_in_the_5th/,45700,764,r/HumansBeingBros
Mini Ecosystem,https://www.reddit.com/r/Damnthatsinteresting/comments/e5gc9w/mini_ecosystem/,45600,717,r/Damnthatsinteresting
No,https://www.reddit.com/r/pcmasterrace/comments/e5dc38/no/,44900,664,r/pcmasterrace
Morning already?,https://www.reddit.com/r/Unexpected/comments/e5pqo9/morning_already/,44600,882,r/Unexpected
"In Terminator 2: Judgement Day (1991), as he walks away from Arnold you can see the T-1000 ""pulse"" into liquid metal for seemingly no reason - In the deleted scenes, it is made clear the T-1000 is malfunctioning after reassembling itself and is struggling to control its form",https://www.reddit.com/r/MovieDetails/comments/e59b6t/in_terminator_2_judgement_day_1991_as_he_walks/,44600,1000,r/MovieDetails
üî• Asperatus Clouds over New Zealand,https://www.reddit.com/r/NatureIsFuckingLit/comments/e5p9ki/asperatus_clouds_over_new_zealand/,44300,325,r/NatureIsFuckingLit
Oh how the mighty have fallen,https://www.reddit.com/r/HistoryMemes/comments/e5c52d/oh_how_the_mighty_have_fallen/,44100,477,r/HistoryMemes
*hissing,https://www.reddit.com/r/memes/comments/e5g2dh/hissing/,43900,103,r/memes
"Oh no, not again",https://www.reddit.com/r/memes/comments/e5nyi2/oh_no_not_again/,43300,227,r/memes
Natural selection,https://www.reddit.com/r/dankmemes/comments/e5ggm1/natural_selection/,43200,147,r/dankmemes
Think before you speak,https://www.reddit.com/r/MurderedByWords/comments/e5kwia/think_before_you_speak/,43000,953,r/MurderedByWords
"Greta Thunberg arrives in Lisbon today for UNclimate summit after 3-week trip across Atlantic | ""I am not traveling like this because I want everyone to do so,"" said Thunberg. ""I'm doing this to sort of send the message that it is impossible to live sustainably today, and that needs to change.""",https://www.reddit.com/r/worldnews/comments/e5o2la/greta_thunberg_arrives_in_lisbon_today_for/,42800,6000,r/worldnews
I made him cry,https://www.reddit.com/r/dankmemes/comments/e5l1g7/i_made_him_cry/,42700,165,r/dankmemes
blursed portal,https://www.reddit.com/r/blursedimages/comments/e5l5u8/blursed_portal/,42600,324,r/blursedimages
It‚Äôs an ok game,https://www.reddit.com/r/memes/comments/e5h6wk/its_an_ok_game/,42600,194,r/memes
[OC] The invasion of the brown marmorated stink bug,https://www.reddit.com/r/dataisbeautiful/comments/e5ldry/oc_the_invasion_of_the_brown_marmorated_stink_bug/,42200,3200,r/dataisbeautiful
Why is this so accurate,https://www.reddit.com/r/dankmemes/comments/e5cdox/why_is_this_so_accurate/,41700,232,r/dankmemes
"If you could choose, what would be your last words?",https://www.reddit.com/r/AskReddit/comments/e5eokq/if_you_could_choose_what_would_be_your_last_words/,41500,21000,r/AskReddit
A bunch of bananas that grew together as one,https://www.reddit.com/r/interestingasfuck/comments/e58zxb/a_bunch_of_bananas_that_grew_together_as_one/,41300,1000,r/interestingasfuck
I pay monthly fees to park. This guys been taking up space in the 10 spot garage since sept. He cleans the tickets off once a week.,https://www.reddit.com/r/mildlyinfuriating/comments/e5hwnv/i_pay_monthly_fees_to_park_this_guys_been_taking/,40800,1700,r/mildlyinfuriating
Marvel Studios' Black Widow Official Trailer,https://www.reddit.com/r/marvelstudios/comments/e5du1a/marvel_studios_black_widow_official_trailer/,40800,3500,r/marvelstudios
Burning Man is cosmically beautiful.,https://www.reddit.com/r/Damnthatsinteresting/comments/e5c2qi/burning_man_is_cosmically_beautiful/,40300,913,r/Damnthatsinteresting
I can speak Egyptian now,https://www.reddit.com/r/dankmemes/comments/e5j072/i_can_speak_egyptian_now/,40200,338,r/dankmemes
Ded,https://www.reddit.com/r/WhitePeopleTwitter/comments/e5aajn/ded/,40000,411,r/WhitePeopleTwitter
Wikipedia need your help. Probably.,https://www.reddit.com/r/memes/comments/e5cdr6/wikipedia_need_your_help_probably/,40000,221,r/memes
"Yes, yes, very bad comedian",https://www.reddit.com/r/facepalm/comments/e5ndzq/yes_yes_very_bad_comedian/,39900,559,r/facepalm
TIL Andy Dalton and his wife rent out a hotel every year to let parents of children with disabilities drop off their kids for a much needed paid date night.,https://www.reddit.com/r/todayilearned/comments/e5bv9r/til_andy_dalton_and_his_wife_rent_out_a_hotel/,39400,752,r/todayilearned
For real tho,https://www.reddit.com/r/HistoryMemes/comments/e5pkw3/for_real_tho/,39300,252,r/HistoryMemes
Small PP cure,https://www.reddit.com/r/memes/comments/e5egm8/small_pp_cure/,39000,114,r/memes
Happy winter y'all,https://www.reddit.com/r/memes/comments/e5o7pe/happy_winter_yall/,38900,137,r/memes
Why do this?,https://www.reddit.com/r/HistoryMemes/comments/e5lno1/why_do_this/,38900,330,r/HistoryMemes
Playing Mahjong,https://www.reddit.com/r/blackmagicfuckery/comments/e5f2yc/playing_mahjong/,38900,489,r/blackmagicfuckery
Megathread: Sen. Kamala Harris Drops Out Of Presidential Race,https://www.reddit.com/r/politics/comments/e5lah6/megathread_sen_kamala_harris_drops_out_of/,38500,19500,r/politics
possibly the best feet you'll see all day,https://www.reddit.com/r/AnimalsBeingDerps/comments/e5ml71/possibly_the_best_feet_youll_see_all_day/,38100,219,r/AnimalsBeingDerps
"I kinda love these, is this bad?",https://www.reddit.com/r/ATBGE/comments/e5o4af/i_kinda_love_these_is_this_bad/,38500,610,r/ATBGE
Me_irl,https://www.reddit.com/r/me_irl/comments/e58pm3/me_irl/,37600,246,r/me_irl
Hugely Incriminating Phone Records Suggest Giuliani Is F---ed,https://www.reddit.com/r/politics/comments/e5opvm/hugely_incriminating_phone_records_suggest/,37300,1900,r/politics
Crazy Dave is proud,https://www.reddit.com/r/PewdiepieSubmissions/comments/e5isnr/crazy_dave_is_proud/,37100,185,r/PewdiepieSubmissions
You dead,https://www.reddit.com/r/dankmemes/comments/e5plex/you_dead/,37000,188,r/dankmemes
Thou shalt honor thine old memes,https://www.reddit.com/r/memes/comments/e5kw2c/thou_shalt_honor_thine_old_memes/,36800,264,r/memes
Trump border wall $400 million contract handed to company owned by Republican donor who promoted firm on Fox News,https://www.reddit.com/r/politics/comments/e5f6fq/trump_border_wall_400_million_contract_handed_to/,36700,1600,r/politics
But mawwwwm!!,https://www.reddit.com/r/memes/comments/e5lmqm/but_mawwwwm/,36100,95,r/memes
I feel so...used,https://www.reddit.com/r/aww/comments/e5o9xl/i_feel_soused/,35900,325,r/aww
Netflix's Movie Catalog Has Shrunk By 40% Since 2014,https://www.reddit.com/r/movies/comments/e5g4k8/netflixs_movie_catalog_has_shrunk_by_40_since_2014/,35800,3300,r/movies
they try'na cheat on kids,https://www.reddit.com/r/dankmemes/comments/e5fvk0/they_tryna_cheat_on_kids/,35600,173,r/dankmemes
Green eyes vampuur,https://www.reddit.com/r/Eyebleach/comments/e5e94l/green_eyes_vampuur/,35400,105,r/Eyebleach
"Trump, Who Slashed Taxes by $1.5 Trillion, Is Pushing Cuts to Food Stamps | Self-declared man of the people proposes to take food from poor people",https://www.reddit.com/r/politics/comments/e5g4rd/trump_who_slashed_taxes_by_15_trillion_is_pushing/,35300,3400,r/politics
Those were the days,https://www.reddit.com/r/rareinsults/comments/e5eh7o/those_were_the_days/,35300,606,r/rareinsults
I hope this game doesn‚Äôt involve violence,https://www.reddit.com/r/memes/comments/e5f85s/i_hope_this_game_doesnt_involve_violence/,35100,177,r/memes
[Image] PlayStation officially recognized by Guinness as the best-selling video game console brand of all time,https://www.reddit.com/r/PS4/comments/e5e1st/image_playstation_officially_recognized_by/,35200,1300,r/PS4
Don't be this type of person,https://www.reddit.com/r/ChoosingBeggars/comments/e5nxoj/dont_be_this_type_of_person/,34800,237,r/ChoosingBeggars
Slpt to make money,https://www.reddit.com/r/ShittyLifeProTips/comments/e5dy78/slpt_to_make_money/,34800,197,r/ShittyLifeProTips
I started rewarthing the clone wars,https://www.reddit.com/r/PrequelMemes/comments/e5gvoi/i_started_rewarthing_the_clone_wars/,34300,174,r/PrequelMemes
me_irl,https://www.reddit.com/r/me_irl/comments/e5idx9/me_irl/,34300,211,r/me_irl
Uncultured swine.,https://www.reddit.com/r/dankmemes/comments/e5g7by/uncultured_swine/,34300,163,r/dankmemes
me_irl,https://www.reddit.com/r/me_irl/comments/e5kb5a/me_irl/,34200,226,r/me_irl
"Trump with Prince Andrew, who he doesn't know.",https://www.reddit.com/r/pics/comments/e5m7bs/trump_with_prince_andrew_who_he_doesnt_know/,33600,2100,r/pics
[USA] throwing a smoke bomb onto the road,https://www.reddit.com/r/ConvenientCop/comments/e5lpu0/usa_throwing_a_smoke_bomb_onto_the_road/,33600,572,r/ConvenientCop
This is the kind of cosplay combos we all want to see,https://www.reddit.com/r/aww/comments/e5k04h/this_is_the_kind_of_cosplay_combos_we_all_want_to/,33500,201,r/aww
Marvel Studios' Black Widow - Official Teaser Trailer,https://www.reddit.com/r/movies/comments/e5dty4/marvel_studios_black_widow_official_teaser_trailer/,33400,4700,r/movies
The ring granted Frodo unnaturally long life,https://www.reddit.com/r/lotrmemes/comments/e5l7jn/the_ring_granted_frodo_unnaturally_long_life/,33400,596,r/lotrmemes
"You realise that‚Äôs 6 months old, right?",https://www.reddit.com/r/memes/comments/e5f6wg/you_realise_thats_6_months_old_right/,33400,177,r/memes
He's smoother than a criminal,https://www.reddit.com/r/wholesomememes/comments/e5pyqs/hes_smoother_than_a_criminal/,33400,151,r/wholesomememes
Official CCXP Poster of Sonic the Hedgehog,https://www.reddit.com/r/movies/comments/e5o5f9/official_ccxp_poster_of_sonic_the_hedgehog/,33100,978,r/movies
CJ doesn't need your help,https://www.reddit.com/r/dankmemes/comments/e5f9qg/cj_doesnt_need_your_help/,32900,144,r/dankmemes
stop racism,https://www.reddit.com/r/PrequelMemes/comments/e5jx2b/stop_racism/,32800,621,r/PrequelMemes
They're evolving,https://www.reddit.com/r/memes/comments/e5fwco/theyre_evolving/,32600,137,r/memes
Vole eating Snowman‚Äôs nose üì∑Vadim Trunov,https://www.reddit.com/r/funny/comments/e5eznh/vole_eating_snowmans_nose_vadim_trunov/,32299,326,r/funny
Do not question the elevated one,https://www.reddit.com/r/dankmemes/comments/e5hxa6/do_not_question_the_elevated_one/,32299,140,r/dankmemes
Well theb,https://www.reddit.com/r/PewdiepieSubmissions/comments/e5fd8z/well_theb/,32200,443,r/PewdiepieSubmissions
Okay ang,https://www.reddit.com/r/memes/comments/e5eryz/okay_ang/,32200,91,r/memes
hmmm,https://www.reddit.com/r/hmmm/comments/e5o666/hmmm/,32200,241,r/hmmm
"TIL A scientific study found starting high school one hour later than usual allowed students to sleep more than half an hour more, and was associated with reduced sleepiness and increased academic performance.",https://www.reddit.com/r/todayilearned/comments/e5iuwr/til_a_scientific_study_found_starting_high_school/,32100,1500,r/todayilearned
This massive Salt mine,https://www.reddit.com/r/interestingasfuck/comments/e5ixky/this_massive_salt_mine/,32000,597,r/interestingasfuck
The mandolorian is a great show.,https://www.reddit.com/r/memes/comments/e5iw0p/the_mandolorian_is_a_great_show/,32000,182,r/memes
The way this cat blends into the rug,https://www.reddit.com/r/oddlysatisfying/comments/e59wv2/the_way_this_cat_blends_into_the_rug/,32000,302,r/oddlysatisfying
Revenge for Thanksgiving,https://www.reddit.com/r/Wellthatsucks/comments/e59uwi/revenge_for_thanksgiving/,32000,410,r/Wellthatsucks
Newark sues NYC Mayor Bill de Blasio over sending homeless families to New Jersey,https://www.reddit.com/r/news/comments/e5fnl4/newark_sues_nyc_mayor_bill_de_blasio_over_sending/,32000,2100,r/news
SMOL,https://www.reddit.com/r/Eyebleach/comments/e5lkkx/smol/,31700,670,r/Eyebleach
I love this new template,https://www.reddit.com/r/memes/comments/e5g2z8/i_love_this_new_template/,31600,98,r/memes
Trust issues,https://www.reddit.com/r/teenagers/comments/e5dfay/trust_issues/,31500,404,r/teenagers
My names Murphy and dis is my meerkat.,https://www.reddit.com/r/rarepuppers/comments/e5fjwg/my_names_murphy_and_dis_is_my_meerkat/,31400,89,r/rarepuppers
r2d2,https://www.reddit.com/r/perfectlycutscreams/comments/e58cfb/r2d2/,31400,255,r/perfectlycutscreams
I love democracy,https://www.reddit.com/r/memes/comments/e5loab/i_love_democracy/,31100,91,r/memes
There are now traffic cameras that can spot you using your phone while driving,https://www.reddit.com/r/gadgets/comments/e5hi1b/there_are_now_traffic_cameras_that_can_spot_you/,31200,3100,r/gadgets
My parents bought an opaque measuring cup,https://www.reddit.com/r/CrappyDesign/comments/e5hdbc/my_parents_bought_an_opaque_measuring_cup/,31100,310,r/CrappyDesign
Winter is here,https://www.reddit.com/r/gifs/comments/e58irn/winter_is_here/,31000,905,r/gifs
America,https://www.reddit.com/r/dankmemes/comments/e5m1fe/america/,30800,348,r/dankmemes
Pok√©mon are interesting,https://www.reddit.com/r/memes/comments/e5grf2/pok√©mon_are_interesting/,30800,282,r/memes
Get rekt,https://www.reddit.com/r/dankmemes/comments/e5fwtp/get_rekt/,30700,103,r/dankmemes
Owie owie,https://www.reddit.com/r/bonehurtingjuice/comments/e5plsp/owie_owie/,31100,138,r/bonehurtingjuice
Sedge grass Straw,https://www.reddit.com/r/INEEEEDIT/comments/e5iqwa/sedge_grass_straw/,30600,1400,r/INEEEEDIT
Perfect aim,https://www.reddit.com/r/toptalent/comments/e5o5ho/perfect_aim/,30500,165,r/toptalent
It‚Äôs first grade SpongeBob,https://www.reddit.com/r/BikiniBottomTwitter/comments/e5jym6/its_first_grade_spongebob/,30400,243,r/BikiniBottomTwitter
"Older article, but hell ill do it!",https://www.reddit.com/r/ofcoursethatsathing/comments/e5hr58/older_article_but_hell_ill_do_it/,32500,182,r/ofcoursethatsathing
üóøüóøüóøüóøüóøüóøüóø,https://www.reddit.com/r/dankmemes/comments/e5j8n3/_/,30300,193,r/dankmemes
Petition to find a new place to upload vids,https://www.reddit.com/r/memes/comments/e5iobz/petition_to_find_a_new_place_to_upload_vids/,30100,237,r/memes
Call records show Devin Nunes in contact with indicted Giuliani associate,https://www.reddit.com/r/politics/comments/e5mc6t/call_records_show_devin_nunes_in_contact_with/,30100,1100,r/politics
The first love. Photo of my mother took by my father in the late 70s.,https://www.reddit.com/r/OldSchoolCool/comments/e5hmjj/the_first_love_photo_of_my_mother_took_by_my/,30000,443,r/OldSchoolCool
Full Procedure of Coding from Beginning to End,https://www.reddit.com/r/ProgrammerHumor/comments/e5cmjd/full_procedure_of_coding_from_beginning_to_end/,29900,312,r/ProgrammerHumor
Message received.,https://www.reddit.com/r/memes/comments/e59ie2/message_received/,29800,121,r/memes
you love to see it.,https://www.reddit.com/r/PewdiepieSubmissions/comments/e5jigw/you_love_to_see_it/,29800,153,r/PewdiepieSubmissions
Babi yodah,https://www.reddit.com/r/dankmemes/comments/e5ipd5/babi_yodah/,29800,198,r/dankmemes
"üî• Nature taking over this building in Wroc≈Çaw, Poland",https://www.reddit.com/r/NatureIsFuckingLit/comments/e5c6af/nature_taking_over_this_building_in_wroc≈Çaw_poland/,29700,151,r/NatureIsFuckingLit
"üî• A rare sight, Nacreus Clouds üåà",https://www.reddit.com/r/NatureIsFuckingLit/comments/e589qi/a_rare_sight_nacreus_clouds/,29600,182,r/NatureIsFuckingLit
it do be like that,https://www.reddit.com/r/dankmemes/comments/e5c8nk/it_do_be_like_that/,29400,113,r/dankmemes
"Please, I want no trouble",https://www.reddit.com/r/memes/comments/e5h6ua/please_i_want_no_trouble/,29200,89,r/memes
"Coworkers: How was your Thanksgiving? Me: Well we spent 45 minutes trying to get this photo, so I‚Äôd say pretty great!",https://www.reddit.com/r/aww/comments/e5h8jy/coworkers_how_was_your_thanksgiving_me_well_we/,29200,290,r/aww
Macron Uses Toddler Reverse Psychology Trick to Fool Trump Into Supporting NATO,https://www.reddit.com/r/politics/comments/e5htdq/macron_uses_toddler_reverse_psychology_trick_to/,29100,1800,r/politics
"The Russian scientists want to know who wrote ""T-34"" (Soviet medium tank) on the side of a polar bear.",https://www.reddit.com/r/ANormalDayInRussia/comments/e5dq5c/the_russian_scientists_want_to_know_who_wrote_t34/,29500,369,r/ANormalDayInRussia
Made A Stone Mask Out Of Clay In My Art Class,https://www.reddit.com/r/ShitPostCrusaders/comments/e5jazf/made_a_stone_mask_out_of_clay_in_my_art_class/,28900,432,r/ShitPostCrusaders
What‚Äôs your favourite part of this decade?,https://www.reddit.com/r/memes/comments/e5ewdb/whats_your_favourite_part_of_this_decade/,28800,236,r/memes
Cascade lake be joining the party,https://www.reddit.com/r/pcmasterrace/comments/e5i8dp/cascade_lake_be_joining_the_party/,28800,981,r/pcmasterrace
I made a M&M sorter with Lego. My first Lego Mindstorms project.,https://www.reddit.com/r/teenagers/comments/e5m076/i_made_a_mm_sorter_with_lego_my_first_lego/,28800,562,r/teenagers
Only for OG‚Äôs,https://www.reddit.com/r/PewdiepieSubmissions/comments/e5g6ib/only_for_ogs/,28700,195,r/PewdiepieSubmissions
Thats why you're not supposed to use your hands in soccer.,https://www.reddit.com/r/instant_regret/comments/e5ll35/thats_why_youre_not_supposed_to_use_your_hands_in/,28700,191,r/instant_regret
Let's go back,https://www.reddit.com/r/assholedesign/comments/e5id46/lets_go_back/,28600,622,r/assholedesign
"Best Ugandan movie, change my mind",https://www.reddit.com/r/memes/comments/e5fxhm/best_ugandan_movie_change_my_mind/,28300,180,r/memes
"France's president just fact-checked Trump in real time -- Trump claimed again that ISIS prisoners being held in Syria are ""mostly from Europe."" This assertion has been repeatedly contradicted by Trump's own officials.",https://www.reddit.com/r/worldnews/comments/e5itnr/frances_president_just_factchecked_trump_in_real/,28200,1200,r/worldnews
That look of complete disappointment,https://www.reddit.com/r/WatchPeopleDieInside/comments/e58jh8/that_look_of_complete_disappointment/,27900,340,r/WatchPeopleDieInside
Cardi B should be arrested and treated like the criminal she is.,https://www.reddit.com/r/unpopularopinion/comments/e5c1v4/cardi_b_should_be_arrested_and_treated_like_the/,27700,2800,r/unpopularopinion
"'So If You're Poor, You're Dead'? Watch These Brits Gasp When They Find Out Cost of Healthcare in the United States",https://www.reddit.com/r/worldnews/comments/e5k8w6/so_if_youre_poor_youre_dead_watch_these_brits/,27500,4500,r/worldnews
Ok adult,https://www.reddit.com/r/awfuleverything/comments/e5fys4/ok_adult/,27500,1500,r/awfuleverything
Too big in my opinion.,https://www.reddit.com/r/technicallythetruth/comments/e5j4oz/too_big_in_my_opinion/,27400,180,r/technicallythetruth
Power Washing From A Drone‚Äôs Perspective,https://www.reddit.com/r/gifs/comments/e5lpmu/power_washing_from_a_drones_perspective/,27300,452,r/gifs
"Impossible... maybe, Me, Digital, 2019",https://www.reddit.com/r/Art/comments/e5odqv/impossible_maybe_me_digital_2019/,27300,403,r/Art
pro gamer move,https://www.reddit.com/r/memes/comments/e5e7jj/pro_gamer_move/,27300,87,r/memes
Speeding in bad conditions,https://www.reddit.com/r/IdiotsInCars/comments/e5gl6l/speeding_in_bad_conditions/,27200,601,r/IdiotsInCars
Translate in Google Sheets,https://www.reddit.com/r/educationalgifs/comments/e5bt4n/translate_in_google_sheets/,27200,221,r/educationalgifs
My friend and her mother really enjoyed themselves painting.,https://www.reddit.com/r/funny/comments/e59vlj/my_friend_and_her_mother_really_enjoyed/,26500,251,r/funny
It's so annoying,https://www.reddit.com/r/memes/comments/e5ec2j/its_so_annoying/,26300,91,r/memes
Megathread: Appeals court refuses to block House subpoena for Trump‚Äôs financial records,https://www.reddit.com/r/politics/comments/e5jwna/megathread_appeals_court_refuses_to_block_house/,26100,3700,r/politics
"In Prisoner of Azkaban (2004) when George and Fred give Harry the Marauders Map, my son saw Newt Scamanders name walking the halls of Hogwarts.",https://www.reddit.com/r/MovieDetails/comments/e5hahz/in_prisoner_of_azkaban_2004_when_george_and_fred/,26100,632,r/MovieDetails
I wanted to combine Michaels Pics with the footage from the episode. This is what I came up with.,https://www.reddit.com/r/DunderMifflin/comments/e5jwne/i_wanted_to_combine_michaels_pics_with_the/,26000,363,r/DunderMifflin
I hate docks now,https://www.reddit.com/r/oddlyterrifying/comments/e5ft7x/i_hate_docks_now/,26900,329,r/oddlyterrifying
Uwii,https://www.reddit.com/r/rickandmorty/comments/e5ptnt/uwii/,25900,109,r/rickandmorty
"It‚Äôs ok if you‚Äôre a bit unusual, someone still loves you!",https://www.reddit.com/r/wholesomememes/comments/e5apt0/its_ok_if_youre_a_bit_unusual_someone_still_loves/,25900,59,r/wholesomememes
[Image] Moonwalker Motivation,https://www.reddit.com/r/GetMotivated/comments/e5gaql/image_moonwalker_motivation/,25800,407,r/GetMotivated
Brain.exe has stopped working,https://www.reddit.com/r/memes/comments/e5mgsk/brainexe_has_stopped_working/,25700,132,r/memes
Just about mcf*cking had it,https://www.reddit.com/r/dankmemes/comments/e5aq1u/just_about_mcfcking_had_it/,25700,166,r/dankmemes
*Britain approaches*,https://www.reddit.com/r/HistoryMemes/comments/e5kjbb/britain_approaches/,25600,212,r/HistoryMemes
It be like that sometimes,https://www.reddit.com/r/memes/comments/e5lr3q/it_be_like_that_sometimes/,25500,138,r/memes
It really do be like that,https://www.reddit.com/r/dankmemes/comments/e5gqvt/it_really_do_be_like_that/,25500,78,r/dankmemes
Ouch and an Oof,https://www.reddit.com/r/suicidebywords/comments/e58bye/ouch_and_an_oof/,25500,92,r/suicidebywords
My sister is an aggressive homie,https://www.reddit.com/r/HydroHomies/comments/e5gaxq/my_sister_is_an_aggressive_homie/,25600,207,r/HydroHomies
2meirl4meirl,https://www.reddit.com/r/2meirl4meirl/comments/e5dwp3/2meirl4meirl/,25400,101,r/2meirl4meirl
Megathread: House Intelligence Committee Releases Draft Impeachment Report,https://www.reddit.com/r/politics/comments/e5lw5e/megathread_house_intelligence_committee_releases/,25200,6500,r/politics
Ninja,https://www.reddit.com/r/PewdiepieSubmissions/comments/e5i7g4/ninja/,25100,103,r/PewdiepieSubmissions
This guys magnetic fishing got him a sword,https://www.reddit.com/r/interestingasfuck/comments/e5q7hb/this_guys_magnetic_fishing_got_him_a_sword/,25100,466,r/interestingasfuck
Come on guys! We can do this!!,https://www.reddit.com/r/PewdiepieSubmissions/comments/e5ln93/come_on_guys_we_can_do_this/,24900,168,r/PewdiepieSubmissions
Gorilla removal service.,https://www.reddit.com/r/Jokes/comments/e5owqx/gorilla_removal_service/,24900,310,r/Jokes
Why are people so stupid..?,https://www.reddit.com/r/MurderedByWords/comments/e5dt3p/why_are_people_so_stupid/,24800,1900,r/MurderedByWords
TIFU by roasting a coworker going through a divorce.,https://www.reddit.com/r/tifu/comments/e5k66h/tifu_by_roasting_a_coworker_going_through_a/,24800,1000,r/tifu
PsBattle: Girl waiting for a train,https://www.reddit.com/r/photoshopbattles/comments/e5ehaa/psbattle_girl_waiting_for_a_train/,24600,301,r/photoshopbattles
Best. Day. Ever!,https://www.reddit.com/r/quityourbullshit/comments/e59z1j/best_day_ever/,24600,108,r/quityourbullshit
Sad hours,https://www.reddit.com/r/PewdiepieSubmissions/comments/e5lzn8/sad_hours/,24500,76,r/PewdiepieSubmissions
Not my template whoevers it is I love u,https://www.reddit.com/r/dankmemes/comments/e5nyro/not_my_template_whoevers_it_is_i_love_u/,24400,112,r/dankmemes
You have become the very thing you swore to destroy,https://www.reddit.com/r/memes/comments/e5kc77/you_have_become_the_very_thing_you_swore_to/,24300,49,r/memes
And that's a fact,https://www.reddit.com/r/memes/comments/e5cy3o/and_thats_a_fact/,24300,235,r/memes
The dogs right you know...,https://www.reddit.com/r/AdviceAnimals/comments/e5c81u/the_dogs_right_you_know/,24300,214,r/AdviceAnimals
clearly they have surpassed us already,https://www.reddit.com/r/memes/comments/e5g7gh/clearly_they_have_surpassed_us_already/,24300,129,r/memes
What happened to us??,https://www.reddit.com/r/PewdiepieSubmissions/comments/e5d6gs/what_happened_to_us/,24200,327,r/PewdiepieSubmissions
The new Lifeline Heirloom inspect is insane!,https://www.reddit.com/r/apexlegends/comments/e5n64g/the_new_lifeline_heirloom_inspect_is_insane/,24200,747,r/apexlegends
Let's go boiss. The final stretch,https://www.reddit.com/r/memes/comments/e5jk19/lets_go_boiss_the_final_stretch/,24100,125,r/memes
this landlord tried using the bible to raise the wrong person's rent,https://www.reddit.com/r/MurderedByWords/comments/e5jo5z/this_landlord_tried_using_the_bible_to_raise_the/,24100,292,r/MurderedByWords
Confused confusion,https://www.reddit.com/r/memes/comments/e59lpv/confused_confusion/,24100,103,r/memes
Trap card activated,https://www.reddit.com/r/PewdiepieSubmissions/comments/e5fqes/trap_card_activated/,23900,107,r/PewdiepieSubmissions
I like any haircut that makes an ear the central area of focus,https://www.reddit.com/r/Justfuckmyshitup/comments/e5i3qx/i_like_any_haircut_that_makes_an_ear_the_central/,25100,379,r/Justfuckmyshitup
No please don't,https://www.reddit.com/r/memes/comments/e5gemw/no_please_dont/,23600,77,r/memes
Heart Problems,https://www.reddit.com/r/funny/comments/e5h5d3/heart_problems/,23600,63,r/funny
"Sorry for Valkyrie spam, but we rented some planes this weekend and it was pretty rad",https://www.reddit.com/r/Rainbow6/comments/e5h3u1/sorry_for_valkyrie_spam_but_we_rented_some_planes/,23500,613,r/Rainbow6
A massive 170ft wide tree,https://www.reddit.com/r/interestingasfuck/comments/e5gzt4/a_massive_170ft_wide_tree/,23500,253,r/interestingasfuck
They had two years to get this right.....,https://www.reddit.com/r/freefolk/comments/e5db7y/they_had_two_years_to_get_this_right/,23500,446,r/freefolk
Hmong Pork Belly [I ate],https://www.reddit.com/r/food/comments/e5j45m/hmong_pork_belly_i_ate/,23200,728,r/food
Interesting solution to the crime rate,https://www.reddit.com/r/technicallythetruth/comments/e5pofe/interesting_solution_to_the_crime_rate/,23200,167,r/technicallythetruth
Now that‚Äôs true love right there boys.,https://www.reddit.com/r/Tinder/comments/e5p0bp/now_thats_true_love_right_there_boys/,23200,313,r/Tinder
EA doesnt want to be the bad guy anymore,https://www.reddit.com/r/PewdiepieSubmissions/comments/e5lmjs/ea_doesnt_want_to_be_the_bad_guy_anymore/,23000,92,r/PewdiepieSubmissions
What a nice abductor,https://www.reddit.com/r/HolUp/comments/e5cja4/what_a_nice_abductor/,23000,199,r/HolUp
<3 Now hurry and give us untalented folk some mods you beautiful code wizardry people.,https://www.reddit.com/r/gaming/comments/e5e6ji/3_now_hurry_and_give_us_untalented_folk_some_mods/,22900,424,r/gaming
"I ordered a coffee, I‚Äôll have it iced,",https://www.reddit.com/r/boottoobig/comments/e5ckbv/i_ordered_a_coffee_ill_have_it_iced/,22900,60,r/boottoobig
Very fair point!,https://www.reddit.com/r/ScottishPeopleTwitter/comments/e5e50s/very_fair_point/,22800,248,r/ScottishPeopleTwitter
Somebody‚Äôs gotta do it,https://www.reddit.com/r/dankmemes/comments/e5fkax/somebodys_gotta_do_it/,22700,207,r/dankmemes
Rumor Comeback,https://www.reddit.com/r/clevercomebacks/comments/e5hatd/rumor_comeback/,22700,213,r/clevercomebacks
This seems bad,https://www.reddit.com/r/PewdiepieSubmissions/comments/e5d2b9/this_seems_bad/,22700,243,r/PewdiepieSubmissions
Russian everyday essentials DIY,https://www.reddit.com/r/ANormalDayInRussia/comments/e5iwj3/russian_everyday_essentials_diy/,22800,532,r/ANormalDayInRussia
